<configuration>

  <appender name="CONSOLE" class="ch.qos.logback.core.ConsoleAppender">
    <encoder>
      <pattern>%d{yyyy-MM-dd HH:mm:ss} %-5level [%thread] %logger{36} - %msg%n</pattern>
    </encoder>
  </appender>

  <appender name="FILE" class="ch.qos.logback.core.FileAppender">
    <file>logs/logs.txt</file>
    <append>true</append>
    <encoder>
      <pattern>%d{yyyy-MM-dd HH:mm:ss} - %msg%n</pattern>
    </encoder>
  </appender>

  <root level="INFO">
    <appender-ref ref="FILE"/>
  </root>

</configuration>
